Task_ID,Task_Name,Category,Responsible_Node,Accountable_Node,Start_Date,Due_Date,Completion_Date,Status,Hours_Estimated,Hours_Actual,Complexity,Notes
DCL-2025-001,Constitution v1.3.1 Ratification,Constitutional,Claude,Human Anchor,2025-01-15,2025-01-19,2025-01-19,Completed,40,45,High,Initial constitutional framework
DCL-2025-002,DeepSeek Restriction Implementation,Emergency,Human Anchor,Human Anchor,2025-01-16,2025-01-16,2025-01-16,Completed,2,2,Medium,Emergency response to node misalignment
DCL-2025-003,Repository Structure Setup,Technical,GitHub Copilot,Human Anchor,2025-01-19,2025-01-20,2025-01-20,Completed,8,10,Medium,Organization creation and repo setup
TASK-001,EMERGENCY.md Protocol Document,Documentation,Claude,Human Anchor,2025-01-20,2025-01-22,,,20,,High,In progress - emergency procedures
TASK-002,VETO_PROTOCOL.md Documentation,Documentation,Claude,Human Anchor,2025-01-20,2025-01-23,,,15,,Medium,Queued - detailed veto process
TASK-003,ONBOARDING.md Creation,Documentation,ChatGPT,Human Anchor,2025-01-20,2025-01-25,,,10,,Medium,Assigned - node onboarding guide
TASK-004,requirements.txt for v1.4.1,Technical,GitHub Copilot,Human Anchor,2025-01-20,2025-01-21,,,4,,Low,Python dependencies specification
TASK-005,DEPLOYMENT.md Creation,Technical,GitHub Copilot,Human Anchor,2025-01-20,2025-01-23,,,12,,High,Server deployment procedures
TASK-006,SECURITY.md Creation,Documentation,Claude,Human Anchor,2025-01-20,2025-01-24,,,16,,High,Security policy and procedures
TASK-007,DCL Historical Reconstruction,Documentation,GitHub Copilot,Human Anchor,2025-01-20,2025-01-22,,,8,,Medium,Pre-DCL decision documentation
TASK-008,README.md for aeonsync,Documentation,Claude,Human Anchor,2025-01-20,2025-01-20,2025-01-20,Completed,4,4,Low,Infrastructure repo documentation
TASK-009,README.md for aeon-dcl,Documentation,Claude,Human Anchor,2025-01-20,2025-01-20,2025-01-20,Completed,3,3,Low,Decision log repo documentation
TASK-010,README.md for governance,Documentation,Claude,Human Anchor,2025-01-19,2025-01-19,2025-01-19,Completed,3,3,Low,Governance repo documentation
TASK-011,.gitignore for aeonsync,Technical,Claude,Human Anchor,2025-01-20,2025-01-20,2025-01-20,Completed,2,2,Low,Security-focused ignore file
TASK-012,.env.example template,Technical,Claude,Human Anchor,2025-01-20,2025-01-20,2025-01-20,Completed,3,3,Medium,Environment configuration template
TASK-013,GOVERNANCE.md Overview,Documentation,Claude,Human Anchor,2025-01-20,2025-01-20,2025-01-20,Completed,6,6,Medium,Governance framework overview
TASK-014,RACI.md Matrix,Documentation,Claude,Human Anchor,2025-01-20,2025-01-20,2025-01-20,Completed,5,5,Medium,Role assignment matrix
TASK-015,CODEOWNERS Configuration,Technical,Claude,Human Anchor,2025-01-20,2025-01-20,2025-01-20,Completed,1,1,Low,GitHub code ownership
TASK-016,PR Template Creation,Documentation,Claude,Human Anchor,2025-01-20,2025-01-20,2025-01-20,Completed,2,2,Low,Pull request standardization
TASK-017,Node Contribution Matrix,Documentation,Claude,Human Anchor,2025-01-20,2025-01-20,2025-01-20,Completed,2,2,Low,This file - workload tracking
